{"forcing": [0.7980738528176732, 0.953305592130064, 1.1167060906172095, 1.2828128893045116, 1.445125055727844, 1.5964864352409867, 1.7295882278172077, 1.8375446232575425, 1.9144796482854503, 1.9560560694719593, 1.9598802247936622, 1.9257302309779476, 1.8555773018468404, 1.7533973285281879, 1.6247977744998945, 1.476508584948396, 1.315801336730101, 1.1499060421694627, 0.9854896660670396, 0.8282462516621644, 0.6826287408538284, 0.551730948633864, 0.4373083884299504, 0.3399115768023203, 0.25909664545144206, 0.19367577838916814, 0.1419732473002871, 0.10205996325047725, 0.07194853994963539, 0.049740053579104965, 0.03372160198840623, 0.022419598638827153, 0.0146172324947493], "mtrue": [0.07908606915481718, 0.15631426240672927, 0.28370844928717154, 0.4699057028981874, 0.7102078219211972, 0.9866754590796374, 1.2754407738467264, 1.554422030844135, 1.806904897030189, 2.021611040743624, 2.1914098523799463, 2.3119847593920366, 2.380864420131237, 2.396829988654982, 2.3596173965949885, 2.269852695474424, 2.129205303988891, 1.9407941198279313, 1.709922128995803, 1.4452051341532535, 1.159975297420106, 0.8732485733942228, 0.6085115217139245, 0.3883292081501026, 0.22593489606587425, 0.12019258705902253, 0.05891242689222806, 0.026828751523014043, 0.011425778144547491, 0.004569404658101698, 0.0017199457950445693, 0.0006100212239002827, 0.00020397422995400318], "u_true": [0.0, 0.02777323330309074, 0.05304480952250918, 0.07502905153465173, 0.09329243812830773, 0.1079455407861453, 0.11952656359329053, 0.12873406811768354, 0.13622427933983802, 0.1425317280401488, 0.14806924802324523, 0.15315816731798432, 0.15806370962764774, 0.1630283254216258, 0.16830387348432915, 0.17418689573421872, 0.18106293121497066, 0.18946691428173582, 0.20016581246046114, 0.21426117673884704, 0.23328024643258677, 0.2591586401839434, 0.29393842257804303, 0.33906723982231146, 0.39459250847822147, 0.45896907410598625, 0.5297732851195598, 0.604678677572886, 0.6819832431135614, 0.7606345367557232, 0.8400421381519116, 0.9198881325921845, 1.0], "left_boundary": 0.0, "right_boundary": 1.0, "u_data": [0.0, 0.03155485849911248, 0.05459428377947834, 0.08972263923365457, 0.10862023027189231, 0.10607370228588696, 0.11998414876630499, 0.11419041137169589, 0.1589218255797141, 0.13511007783608436, 0.15671361001184028, 0.15969435327238793, 0.13253381146930696, 0.15448736802860855, 0.17143455050083817, 0.17213531309656072, 0.19600372194654672, 0.19280365755547849, 0.2046044447879154, 0.21547792690377532, 0.2408906236840567, 0.2737013752535732, 0.2953788582896518, 0.3431732248416952, 0.3935603199602859, 0.4574555020230093, 0.5392741692948156, 0.5949058987741218, 0.7006588230150611, 0.7830434687477378, 0.849829517992969, 0.9238897046758567, 1.0]}